{
 "config": {
  "n_seeds": 5,
  "n_scenes": 60,
  "episodes_per_cell": 300,
  "n_conditions": 8
 },
 "conditions": {
  "precise-vla-0.3 @ arm-calibrated-2026Q2": {
   "fake_sr": 0.7433333333333333,
   "fake_ci": [
    0.6910460832802706,
    0.7894674474541646
   ],
   "mujoco_sr": 0.73,
   "mujoco_ci": [
    0.6770872468075737,
    0.7770967753934679
   ]
  },
  "precise-vla-0.3 @ arm-worn-2023Q1": {
   "fake_sr": 0.3566666666666667,
   "fake_ci": [
    0.3045865042894623,
    0.41237127897655523
   ],
   "mujoco_sr": 0.33666666666666667,
   "mujoco_ci": [
    0.28555447659565275,
    0.3919090438702742
   ]
  },
  "precise-vla-0.3+sharp @ arm-calibrated-2026Q2": {
   "fake_sr": 0.96,
   "fake_ci": [
    0.9313951365400219,
    0.9769729078620613
   ],
   "mujoco_sr": 0.9633333333333334,
   "mujoco_ci": [
    0.9355455130036123,
    0.9794049085318193
   ]
  },
  "precise-vla-0.3+sharp @ arm-worn-2023Q1": {
   "fake_sr": 0.4266666666666667,
   "fake_ci": [
    0.37197260006995525,
    0.4832151029963794
   ],
   "mujoco_sr": 0.41,
   "mujoco_ci": [
    0.3558229870903305,
    0.4664528303092618
   ]
  },
  "sloppy-vla-0.1+debias @ arm-calibrated-2026Q2": {
   "fake_sr": 0.18333333333333332,
   "fake_ci": [
    0.14364461001138987,
    0.23102956232050934
   ],
   "mujoco_sr": 0.18,
   "mujoco_ci": [
    0.1406576554702192,
    0.2274341397283316
   ]
  },
  "sloppy-vla-0.1+debias @ arm-worn-2023Q1": {
   "fake_sr": 0.14333333333333334,
   "fake_ci": [
    0.10818417712673664,
    0.18750146960498146
   ],
   "mujoco_sr": 0.14,
   "mujoco_ci": [
    0.1052707698510638,
    0.18383249974730587
   ]
  },
  "sloppy-vla-0.1 @ arm-calibrated-2026Q2": {
   "fake_sr": 0.11666666666666667,
   "fake_ci": [
    0.08509263799927805,
    0.15793399166565264
   ],
   "mujoco_sr": 0.11333333333333333,
   "mujoco_ci": [
    0.082244014467736,
    0.15420023806384625
   ]
  },
  "sloppy-vla-0.1 @ arm-worn-2023Q1": {
   "fake_sr": 0.09,
   "fake_ci": [
    0.06258980739496589,
    0.12777780520317736
   ],
   "mujoco_sr": 0.1,
   "mujoco_ci": [
    0.07094746564722294,
    0.1391672783509656
   ]
  }
 },
 "spearman_rho": 1.0,
 "perm_p_one_sided": 2.48015873015873e-05,
 "pearson_r": 0.9995038527591915,
 "wall_s": 35.5
}