{
 "config": {
  "n_seeds": 10,
  "n_scenes": 100
 },
 "rq1": {
  "sr": {
   "precise_cal": {
    "k": 746,
    "n": 1000,
    "sr": 0.746,
    "ci95": [
     0.7181137816345096,
     0.7720033842609864
    ]
   },
   "sloppy_cal": {
    "k": 126,
    "n": 1000,
    "sr": 0.126,
    "ci95": [
     0.10685258457167218,
     0.14800993557094794
    ]
   },
   "precise_worn": {
    "k": 383,
    "n": 1000,
    "sr": 0.383,
    "ci95": [
     0.3533721971089626,
     0.4135232971602528
    ]
   },
   "sloppy_worn": {
    "k": 104,
    "n": 1000,
    "sr": 0.104,
    "ci95": [
     0.08657073457775956,
     0.12446016910266174
    ]
   }
  },
  "model_contrast": {
   "p1": 0.746,
   "p2": 0.126,
   "z": 27.957214273195497,
   "p_value": 0.0,
   "cohens_h": 1.3594290690102282
  },
  "hw_contrast": {
   "p1": 0.746,
   "p2": 0.383,
   "z": 16.370636840611564,
   "p_value": 0.0,
   "cohens_h": 0.7505754289166757
  },
  "jerk_mw": {
   "U": 1000000.0,
   "z": 38.72015463311832,
   "p_value": 0.0,
   "cliffs_delta": 1.0
  },
  "plan_margin_mw": {
   "U": 897876.0,
   "z": 30.811640489613165,
   "p_value": 0.0,
   "cliffs_delta": 0.795752
  },
  "etrack_mw": {
   "U": 1000000.0,
   "z": 38.72015463311832,
   "p_value": 0.0,
   "cliffs_delta": 1.0
  },
  "plan_margin_hw_invariance_mw": {
   "U": 500000.0,
   "z": 0.0,
   "p_value": 1.0,
   "cliffs_delta": 0.0
  }
 },
 "rq2": {
  "model_injected": {
   "counts": {
    "model": 856,
    "hardware": 18
   },
   "n_failures": 874,
   "accuracy": 0.9794050343249427,
   "ci95": [
    0.9676803996927419,
    0.9869337357048058
   ]
  },
  "hw_injected": {
   "counts": {
    "hardware": 477,
    "environment": 32,
    "model": 108
   },
   "n_failures": 617,
   "accuracy": 0.773095623987034,
   "ci95": [
    0.7384163965285407,
    0.804395167644994
   ]
  },
  "overall_accuracy": 0.8940308517773307,
  "overall_ci95": [
   0.8773818193537265,
   0.9086546409642097
  ],
  "ambiguous_rate": 0.0,
  "mr1": {
   "precise_violations": 0,
   "sloppy_violations": 20,
   "n": 20
  }
 },
 "rq3": {
  "uncertainty": {
   "precise_cal_only": {
    "auroc": 0.997910113782694,
    "ci95": [
     0.9961872287034238,
     0.9991174047309791
    ]
   },
   "precise_pooled_hw": {
    "auroc": 0.7623385762473318,
    "ci95": [
     0.736114641832075,
     0.7843442496923578
    ]
   },
   "sloppy_cal": {
    "auroc": 0.4921088954269732,
    "ci95": [
     0.4379707591937094,
     0.548642932248913
    ]
   }
  },
  "fix_congruence": {
   "model_fault": {
    "baseline": {
     "k": 126,
     "n": 1000,
     "sr": 0.126,
     "ci95": [
      0.10685258457167218,
      0.14800993557094794
     ]
    },
    "right_fix_debias": {
     "k": 173,
     "n": 1000,
     "sr": 0.173,
     "ci95": [
      0.15081885011185353,
      0.19768394156364588
     ],
     "p1": 0.173,
     "p2": 0.126,
     "z": 2.9473051624194158,
     "p_value": 0.0032055668901087575,
     "cohens_h": 0.13218354712803349
    },
    "wrong_fix_hw": {
     "k": 127,
     "n": 1000,
     "sr": 0.127,
     "ci95": [
      0.10777968175436589,
      0.14907518459108146
     ],
     "p1": 0.127,
     "p2": 0.126,
     "z": 0.06726796425795732,
     "p_value": 0.9463683799212552,
     "cohens_h": 0.0030083202466227865
    }
   },
   "hw_fault": {
    "baseline": {
     "k": 383,
     "n": 1000,
     "sr": 0.383,
     "ci95": [
      0.3533721971089626,
      0.4135232971602528
     ]
    },
    "right_fix_hw": {
     "k": 746,
     "n": 1000,
     "sr": 0.746,
     "ci95": [
      0.7181137816345096,
      0.7720033842609864
     ],
     "p1": 0.746,
     "p2": 0.383,
     "z": 16.370636840611564,
     "p_value": 0.0,
     "cohens_h": 0.7505754289166757
    },
    "wrong_fix_model": {
     "k": 438,
     "n": 1000,
     "sr": 0.438,
     "ci95": [
      0.4075441032551213,
      0.46893043216959124
     ],
     "p1": 0.438,
     "p2": 0.383,
     "z": 2.500052945896789,
     "p_value": 0.012417474671211348,
     "cohens_h": 0.11186989462613672
    }
   }
  }
 },
 "throughput": {
  "total_episodes_approx": 8160,
  "wall_s": 23.2,
  "eps_per_s": 351.3
 }
}